<?xml version="1.0" encoding="UTF-8"?>

<!DOCTYPE system [
    <!ELEMENT system (stanowiska, pracownicy, zatrudnienie)>
    
    <!ELEMENT stanowiska (stanowisko+)>
    <!ELEMENT stanowisko (nazwa, pensja_min)>
    <!ATTLIST stanowisko id ID #REQUIRED>
    <!ELEMENT nazwa (#PCDATA)>
    <!ELEMENT pensja_min (#PCDATA)>

    <!ELEMENT pracownicy (pracownik+)>
    <!ELEMENT pracownik (nazwisko, imie)>
    <!ATTLIST pracownik id ID #REQUIRED>
    <!ELEMENT nazwisko (#PCDATA)>
    <!ELEMENT imie (#PCDATA)>

    <!ELEMENT zatrudnienie (wpis+)>
    <!ELEMENT wpis EMPTY>
    <!ATTLIST wpis 
        id_pracownika IDREF #REQUIRED
        id_stanowiska IDREF #REQUIRED
        data CDATA #REQUIRED>
]>

<system>
    <stanowiska>
        <stanowisko id="s1">
            <nazwa>Programista</nazwa>
            <pensja_min>4000</pensja_min>
        </stanowisko>
        <stanowisko id="s2">
            <nazwa>Tester</nazwa>
            <pensja_min>3000</pensja_min>
        </stanowisko>
    </stanowiska>
    <pracownicy>
        <pracownik id="p1">
            <nazwisko>Liszewski</nazwisko>
            <imie>Adam</imie>
        </pracownik>
        <pracownik id="p2">
            <nazwisko>Nowak</nazwisko>
            <imie>Maria</imie>
        </pracownik>
    </pracownicy>
    <zatrudnienie>
        <wpis id_pracownika="p1" id_stanowiska="s1" data="2024-02-01"/>
        <wpis id_pracownika="p2" id_stanowiska="s2" data="2024-05-08"/>
    </zatrudnienie>
</system>